Company Name,Address Line 1,Address Line 2,Address Line 3,Town,Postcode,Country ISO Code,VAT Number,Account Number,Contact first name,Contact surname,Contact email,Contact telephone
Equator Green Bean Imports Ltd,"Dock 7, Albert Dock",,,Liverpool,L3 4AA,GB,,SU001,Rosa,Martinez,rosa.martinez@example.com,01632 960201
Pennine Packaging Supplies,"Unit 12, Calder Trading Estate",,,Huddersfield,HD5 0RL,GB,,SU002,Keith,Barlow,keith.barlow@example.com,01632 960202
Oat & Barley Dairy Alternatives Ltd,45 Commerce Way,,,Manchester,M17 1HP,GB,,SU003,Grace,Lin,grace.lin@example.com,01632 960203
Yorkshire Property Holdings Ltd,2 Park Square East,,,Leeds,LS1 2NE,GB,,SU004,Robert,Hale,robert.hale@example.com,01632 960204
Dales Energy Supply Ltd,Energy House,Kirkstall Road,,Leeds,LS3 1LH,GB,,SU005,Billing,Team,billing@example.com,01632 960205
SwiftParcel Couriers,"Hub 4, M62 Distribution Park",,,Wakefield,WF2 0XQ,GB,,SU006,Nadia,Clarke,nadia.clarke@example.com,01632 960206
Fibrelink Broadband Ltd,100 Network Avenue,,,Bradford,BD1 5PQ,GB,,SU007,Accounts,Dept,accounts@example.com,01632 960207
RoastTech Machinery Services,"Unit 9, Hope Park",,,Sheffield,S9 1XU,GB,,SU008,Ian,Fletcher,ian.fletcher@example.com,01632 960208
Bright Spark Marketing,"The Studio, 5 Victoria Road",,,Harrogate,HG1 1EQ,GB,,SU009,Ellie,Watts,ellie.watts@example.com,01632 960209
Ledger & Co Accountants,1 Wellington Street,,,Leeds,LS1 4LT,GB,,SU010,Paul,Newman,paul.newman@example.com,01632 960210
