Receipt date,Supplier name,Supplier Ref,Description,Purchase nominal code,VAT rate,VAT total,Total gross amount,Term in days,Paid date,Paid account nominal code
01/04/2026,Yorkshire Property Holdings Ltd,YPH-2600,Unit rent - quarter from Apr 2026,7100,20,450.00,2700.00,0,02/04/2026,1200
05/04/2026,Equator Green Bean Imports Ltd,EGB-7100,"Green coffee beans - mixed origins (Brazil, Colombia, Ethiopia) 180kg",5000,0,0.00,1044.00,30,03/05/2026,1200
07/04/2026,Dales Energy Supply Ltd,DES-88410,Electricity - Apr 2026,7200,5,18.77,394.22,14,21/04/2026,1200
13/04/2026,Pennine Packaging Supplies,PPS-41200,Compostable cups 8oz & 12oz x 10 boxes,5000,20,83.00,498.00,30,13/05/2026,1200
13/04/2026,Pennine Packaging Supplies,PPS-41200,Valve bags 1kg kraft x 500,5000,20,23.00,138.00,30,13/05/2026,1200
19/04/2026,Oat & Barley Dairy Alternatives Ltd,ODA-3300,Barista oat drink 1L cases x 30,5000,0,0.00,270.00,30,16/05/2026,1200
28/04/2026,Bright Spark Marketing,BSM-077,Website refresh & product photography,6201,20,290.00,1740.00,30,27/05/2026,1200
05/05/2026,Equator Green Bean Imports Ltd,EGB-7101,"Green coffee beans - mixed origins (Brazil, Colombia, Ethiopia) 120kg",5000,0,0.00,696.00,30,02/06/2026,1200
07/05/2026,Dales Energy Supply Ltd,DES-88411,Electricity - May 2026,7200,5,17.42,365.87,14,21/05/2026,1200
16/05/2026,SwiftParcel Couriers,SPC-0526,Courier deliveries - quarter from May 2026,7400,20,167.40,1004.40,14,28/05/2026,1200
20/05/2026,RoastTech Machinery Services,RTM-1188,Annual roaster service & parts,7800,20,128.00,768.00,30,18/06/2026,1200
05/06/2026,Equator Green Bean Imports Ltd,EGB-7102,"Green coffee beans - mixed origins (Brazil, Colombia, Ethiopia) 180kg",5000,0,0.00,1044.00,30,03/07/2026,1200
07/06/2026,Dales Energy Supply Ltd,DES-88412,Electricity - Jun 2026,7200,5,18.92,397.37,14,21/06/2026,1200
30/06/2026,Ledger & Co Accountants,LCA-2026-061,Year-end accounts & corporation tax return FY2025/26,7600,20,230.00,1380.00,30,28/07/2026,1200
01/07/2026,Yorkshire Property Holdings Ltd,YPH-2603,Unit rent - quarter from Jul 2026,7100,20,450.00,2700.00,0,02/07/2026,1200
05/07/2026,Equator Green Bean Imports Ltd,EGB-7103,"Green coffee beans - mixed origins (Brazil, Colombia, Ethiopia) 180kg",5000,0,0.00,1044.00,30,02/08/2026,1200
07/07/2026,Dales Energy Supply Ltd,DES-88413,Electricity - Jul 2026,7200,5,14.57,306.02,14,21/07/2026,1200
13/07/2026,Pennine Packaging Supplies,PPS-41203,Compostable cups 8oz & 12oz x 10 boxes,5000,20,83.00,498.00,30,12/08/2026,1200
13/07/2026,Pennine Packaging Supplies,PPS-41203,Valve bags 1kg kraft x 500,5000,20,23.00,138.00,30,12/08/2026,1200
19/07/2026,Oat & Barley Dairy Alternatives Ltd,ODA-3303,Barista oat drink 1L cases x 30,5000,0,0.00,270.00,30,15/08/2026,1200
05/08/2026,Equator Green Bean Imports Ltd,EGB-7104,"Green coffee beans - mixed origins (Brazil, Colombia, Ethiopia) 150kg",5000,0,0.00,870.00,30,02/09/2026,1200
07/08/2026,Dales Energy Supply Ltd,DES-88414,Electricity - Aug 2026,7200,5,15.97,335.42,14,21/08/2026,1200
16/08/2026,SwiftParcel Couriers,SPC-0826,Courier deliveries - quarter from Aug 2026,7400,20,154.20,925.20,14,28/08/2026,1200
05/09/2026,Equator Green Bean Imports Ltd,EGB-7105,"Green coffee beans - mixed origins (Brazil, Colombia, Ethiopia) 150kg",5000,0,0.00,870.00,30,,
07/09/2026,Dales Energy Supply Ltd,DES-88415,Electricity - Sep 2026,7200,5,16.77,352.22,14,21/09/2026,1200
